{"loss": [1.3758620023727417, 0.44723397493362427, 0.26510685682296753, 0.19179724156856537, 0.13686338067054749, 0.1064700186252594, 0.08792810887098312, 0.07254743576049805, 0.06471576541662216, 0.05651182308793068], "accuracy": [0.5987339019775391, 0.8583682775497437, 0.9141048192977905, 0.9374208450317383, 0.9549328088760376, 0.9650330543518066, 0.9708229899406433, 0.9762287735939026, 0.9790454506874084, 0.9813358187675476], "val_loss": [0.5473468899726868, 0.2887130379676819, 0.28050240874290466, 0.22747235000133514, 0.12525878846645355, 0.12488842010498047, 0.15649336576461792, 0.10934142768383026, 0.1219010204076767, 0.1506900191307068], "val_accuracy": [0.8312656283378601, 0.9075802564620972, 0.9145231246948242, 0.9270430207252502, 0.9608467817306519, 0.9627817273139954, 0.9532210230827332, 0.9671636819839478, 0.9638060331344604, 0.9573184847831726]}